{
  "InputMix": 0.0,
  "PreDelay": 0.0,
  "HighPass": 0.0,
  "LowPass": 0.67500013113021851,
  "TapCount": 0.0,
  "TapLength": 1.0,
  "TapGain": 0.0,
  "TapDecay": 0.86500012874603271,
  "DiffusionEnabled": 1.0,
  "DiffusionStages": 0.57142859697341919,
  "DiffusionDelay": 0.71000003814697266,
  "DiffusionFeedback": 0.54500031471252441,
  "LineCount": 0.72727274894714355,
  "LineDelay": 0.68499988317489624,
  "LineDecay": 0.63000005483627319,
  "LateDiffusionEnabled": 0.0,
  "LateDiffusionStages": 0.28571429848670959,
  "LateDiffusionDelay": 0.54499995708465576,
  "LateDiffusionFeedback": 0.65999996662139893,
  "PostLowShelfGain": 0.5199999213218689,
  "PostLowShelfFrequency": 0.31499990820884705,
  "PostHighShelfGain": 0.83499991893768311,
  "PostHighShelfFrequency": 0.705000102519989,
  "PostCutoffFrequency": 0.73499983549118042,
  "EarlyDiffusionModAmount": 0.824999988079071,
  "EarlyDiffusionModRate": 0.4050004780292511,
  "LineModAmount": 0.63000005483627319,
  "LineModRate": 0.31999999284744263,
  "LateDiffusionModAmount": 0.619999885559082,
  "LateDiffusionModRate": 0.30000022053718567,
  "TapSeed": 0.0011500000255182385,
  "DiffusionSeed": 0.00018899999849963933,
  "DelaySeed": 0.00033700000494718552,
  "PostDiffusionSeed": 0.00050099997315555811,
  "CrossSeed": 0.79500001668930054,
  "DryOut": 0.94499975442886353,
  "PredelayOut": 0.0,
  "EarlyOut": 0.72500002384185791,
  "MainOut": 0.60500013828277588,
  "HiPassEnabled": 0.0,
  "LowPassEnabled": 1.0,
  "LowShelfEnabled": 0.0,
  "HighShelfEnabled": 1.0,
  "CutoffEnabled": 0.0,
  "LateStageTap": 1.0,
  "Interpolation": 1.0
}